{
    "steps": [
        {
            "step": 0,
            "train_loss": 0.04332345351576805,
            "actions_pred1": [
                [
                    [
                        -0.5313171744346619,
                        -0.5157121419906616,
                        0.580654501914978,
                        0.509613037109375
                    ],
                    [
                        -0.46836593747138977,
                        -0.4465795159339905,
                        0.5427777767181396,
                        0.4317699074745178
                    ],
                    [
                        -0.4240577220916748,
                        -0.21242696046829224,
                        0.5606383681297302,
                        0.3916032910346985
                    ],
                    [
                        -0.40094849467277527,
                        -0.2220093011856079,
                        0.4920707046985626,
                        0.47699666023254395
                    ],
                    [
                        -0.5445106029510498,
                        -0.037249818444252014,
                        0.6224029660224915,
                        0.48750680685043335
                    ],
                    [
                        -0.6230604648590088,
                        -0.03908468782901764,
                        0.6157737970352173,
                        0.48271653056144714
                    ],
                    [
                        -0.43525946140289307,
                        -0.16560932993888855,
                        0.5179923176765442,
                        0.5952012538909912
                    ],
                    [
                        -0.3464587330818176,
                        -0.07833245396614075,
                        0.5586210489273071,
                        0.683387041091919
                    ],
                    [
                        -0.39507225155830383,
                        -0.10216851532459259,
                        0.5418358445167542,
                        0.633759081363678
                    ],
                    [
                        -0.4183361530303955,
                        -0.01770365983247757,
                        0.6181517839431763,
                        0.4395267963409424
                    ],
                    [
                        -0.399565726518631,
                        -0.011829137802124023,
                        0.611966073513031,
                        0.5957502126693726
                    ],
                    [
                        -0.41849255561828613,
                        -0.033983372151851654,
                        0.6064502000808716,
                        0.5297824740409851
                    ],
                    [
                        -0.2129538655281067,
                        -0.11157166957855225,
                        0.6456938982009888,
                        0.4830969572067261
                    ],
                    [
                        -0.21968865394592285,
                        -0.15280407667160034,
                        0.5474824905395508,
                        0.6178739666938782
                    ],
                    [
                        -0.11594966053962708,
                        -0.16117551922798157,
                        0.5178195238113403,
                        0.5965099334716797
                    ],
                    [
                        -0.23924657702445984,
                        -0.1808108538389206,
                        0.5131305456161499,
                        0.5447237491607666
                    ],
                    [
                        -0.4325816333293915,
                        -0.15451782941818237,
                        0.5202458500862122,
                        0.5233400464057922
                    ],
                    [
                        -0.4119083881378174,
                        -0.1158766895532608,
                        0.5951371788978577,
                        0.4148898124694824
                    ],
                    [
                        -0.38029611110687256,
                        -0.07368702441453934,
                        0.6693858504295349,
                        0.5081332325935364
                    ],
                    [
                        -0.3786962628364563,
                        -0.13831830024719238,
                        0.4747624397277832,
                        0.5228443741798401
                    ]
                ]
            ],