{
    "steps": [
        {
            "step": 0,
            "train_loss": 0.05452125146985054,
            "actions_pred1": [
                [
                    [
                        -0.09082342684268951,
                        -0.32456958293914795,
                        0.4750005006790161,
                        0.6530987024307251
                    ],
                    [
                        -0.20829513669013977,
                        -0.09153905510902405,
                        0.6517188549041748,
                        0.7287082672119141
                    ],
                    [
                        -0.32995492219924927,
                        0.011289969086647034,
                        0.6323034763336182,
                        0.6730000972747803
                    ],
                    [
                        -0.3433091640472412,
                        -0.021536633372306824,
                        0.6666209697723389,
                        0.677868664264679
                    ],
                    [
                        -0.29182368516921997,
                        0.03985738754272461,
                        0.6921677589416504,
                        0.6243151426315308
                    ],
                    [
                        -0.2508033215999603,
                        -0.022939234972000122,
                        0.5904489159584045,
                        0.591667115688324
                    ],
                    [
                        -0.17390549182891846,
                        0.018838584423065186,
                        0.6538658142089844,
                        0.5150123834609985
                    ],
                    [
                        -0.16744983196258545,
                        -0.020244799554347992,
                        0.6007891893386841,
                        0.5419113636016846
                    ],
                    [
                        -0.29339832067489624,
                        -0.08862368017435074,
                        0.692156970500946,
                        0.4743289649486542
                    ],
                    [
                        -0.29018688201904297,
                        0.002878159284591675,
                        0.7570355534553528,
                        0.4423319697380066
                    ],
                    [
                        -0.4132843017578125,
                        -0.1302136480808258,
                        0.8277915120124817,
                        0.29819244146347046
                    ],
                    [
                        -0.485676109790802,
                        -0.10680580884218216,
                        0.6837005615234375,
                        0.2569747269153595
                    ],
                    [
                        -0.4702138900756836,
                        -0.058675751090049744,
                        0.6640923023223877,
                        0.35815364122390747
                    ],
                    [
                        -0.4089789390563965,
                        -0.0035989731550216675,
                        0.7434906363487244,
                        0.4295533299446106
                    ],
                    [
                        -0.5622963905334473,
                        -0.28522709012031555,
                        0.7239899635314941,
                        0.3378753662109375
                    ],
                    [
                        -0.4389839768409729,
                        -0.29165223240852356,
                        0.6911284327507019,
                        0.3520319163799286
                    ],
                    [
                        -0.4593953490257263,
                        -0.1725405901670456,
                        0.7336883544921875,
                        0.3256066143512726
                    ],
                    [
                        -0.476942777633667,
                        -0.08829910308122635,
                        0.6482929587364197,
                        0.4307892322540283
                    ],
                    [
                        -0.4048425257205963,
                        -0.10483936220407486,
                        0.7437209486961365,
                        0.41008275747299194
                    ],
                    [
                        -0.398065447807312,
                        -0.09661515057086945,
                        0.6919152140617371,
                        0.41141948103904724
                    ]
                ]
            ],