{
    "steps": [
        {
            "step": 0,
            "train_loss": 0.037897706031799316,
            "actions_pred1": [
                [
                    [
                        0.0861620381474495,
                        -0.1852664351463318,
                        0.22624002397060394,
                        0.9053717851638794
                    ],
                    [
                        0.010255269706249237,
                        -0.00631636381149292,
                        0.28073152899742126,
                        0.9545435905456543
                    ],
                    [
                        0.04405397176742554,
                        0.06553055346012115,
                        0.2673952877521515,
                        0.7965535521507263
                    ],
                    [
                        0.007340259850025177,
                        0.006911143660545349,
                        0.16453462839126587,
                        0.7621692419052124
                    ],
                    [
                        -0.21948933601379395,
                        0.22651691734790802,
                        0.3746245503425598,
                        0.6279143691062927
                    ],
                    [
                        -0.339300274848938,
                        0.03346611559391022,
                        0.42016899585723877,
                        0.6437905430793762
                    ],
                    [
                        -0.2060188502073288,
                        0.07492479681968689,
                        0.45927268266677856,
                        0.7568054795265198
                    ],
                    [
                        -0.0263604074716568,
                        -0.23761126399040222,
                        0.5289989709854126,
                        0.6950504779815674
                    ],
                    [
                        -0.22734060883522034,
                        -0.11485008150339127,
                        0.6825062036514282,
                        0.677547037601471
                    ],
                    [
                        -0.2997763752937317,
                        -0.04383505880832672,
                        0.6240638494491577,
                        0.6952564716339111
                    ],
                    [
                        -0.18258854746818542,
                        -0.11909765005111694,
                        0.5228328108787537,
                        0.656607449054718
                    ],
                    [
                        -0.10333289951086044,
                        -0.03639339655637741,
                        0.5735923647880554,
                        0.728262722492218
                    ],
                    [
                        -0.16425934433937073,
                        -0.06335894763469696,
                        0.5539555549621582,
                        0.6650015711784363
                    ],
                    [
                        -0.25153806805610657,
                        -0.17782768607139587,
                        0.6211514472961426,
                        0.6161139011383057
                    ],
                    [
                        -0.3047974407672882,
                        -0.11764750629663467,
                        0.5831068754196167,
                        0.7048726081848145
                    ],
                    [
                        -0.3506154716014862,
                        -0.10249534994363785,
                        0.5161329507827759,
                        0.8406062126159668
                    ],
                    [
                        -0.2681017518043518,
                        -0.08934087306261063,
                        0.5956189632415771,
                        0.8651082515716553
                    ],
                    [
                        -0.22175344824790955,
                        -0.06807716190814972,
                        0.6624742746353149,
                        0.8873496055603027
                    ],
                    [
                        -0.16013574600219727,
                        -0.00400041788816452,
                        0.8679248690605164,
                        0.7469214200973511
                    ],
                    [
                        -0.1818443238735199,
                        -0.06374231725931168,
                        0.7351338267326355,
                        0.7098307609558105
                    ]
                ]
            ],